{
    "$schema": "https://schema.management.azure.com/schemas/2015-01-01/deploymentParameters.json#",
    "contentVersion": "1.0.0.0",
    "parameters": {
        "subscriptionId": {
            "value": "5407d4ab-d915-4309-9a3f-339a90387e68"
        },
        "name": {
            "value": "rhr-qna-auth"
        },
        "location": {
            "value": "West Europe"
        },
        "hostingPlanName": {
            "value": "rhr-qna-auth"
        },
        "serverFarmResourceGroup": {
            "value": "rhr-qna"
        },
        "alwaysOn": {
            "value": false
        },
        "sku": {
            "value": "Free"
        },
        "skuCode": {
            "value": "F1"
        },
        "workerSize": {
            "value": "0"
        },
        "workerSizeId": {
            "value": "0"
        },
        "numberOfWorkers": {
            "value": "1"
        },
        "linuxFxVersion": {
            "value": "PYTHON|3.8"
        }
    }
}